artist,song,id,danceability,energy,key,loudness,mode,speechiness,acousticness,instrumentalness,liveness,valence,tempo,type,id,uri,track_href,analysis_url,duration_ms,time_signature,H_or_N
Jack Harlow,Lovin On Me,spotify:track:4xhsWYTOGcal8zt0J161CU,0.943,0.558,2,-4.911,1,0.0568,0.0026,2.19e-06,0.0937,0.606,104.983,audio_features,4xhsWYTOGcal8zt0J161CU,spotify:track:4xhsWYTOGcal8zt0J161CU,https://api.spotify.com/v1/tracks/4xhsWYTOGcal8zt0J161CU,https://api.spotify.com/v1/audio-analysis/4xhsWYTOGcal8zt0J161CU,138411,4,H
Taylor Swift,Cruel Summer,spotify:track:1BxfuPKGuaTgP7aM0Bbdwr,0.552,0.702,9,-5.707,1,0.157,0.117,2.06e-05,0.105,0.564,169.994,audio_features,1BxfuPKGuaTgP7aM0Bbdwr,spotify:track:1BxfuPKGuaTgP7aM0Bbdwr,https://api.spotify.com/v1/tracks/1BxfuPKGuaTgP7aM0Bbdwr,https://api.spotify.com/v1/audio-analysis/1BxfuPKGuaTgP7aM0Bbdwr,178427,4,H
Tate McRae,Greedy,spotify:track:3rUGC1vUpkDG9CZFHMur1t,0.75,0.733,6,-3.18,0,0.0319,0.256,0.0,0.114,0.844,111.018,audio_features,3rUGC1vUpkDG9CZFHMur1t,spotify:track:3rUGC1vUpkDG9CZFHMur1t,https://api.spotify.com/v1/tracks/3rUGC1vUpkDG9CZFHMur1t,https://api.spotify.com/v1/audio-analysis/3rUGC1vUpkDG9CZFHMur1t,131872,1,H
Doja Cat,Paint The Town Red,spotify:track:2IGMVunIBsBLtEQyoI1Mu7,0.868,0.538,5,-8.603,1,0.174,0.269,3.34e-06,0.0901,0.732,99.968,audio_features,2IGMVunIBsBLtEQyoI1Mu7,spotify:track:2IGMVunIBsBLtEQyoI1Mu7,https://api.spotify.com/v1/tracks/2IGMVunIBsBLtEQyoI1Mu7,https://api.spotify.com/v1/audio-analysis/2IGMVunIBsBLtEQyoI1Mu7,231750,4,H
Zach Bryan Featuring Kacey Musgraves,I Remember Everything,spotify:track:4KULAymBBJcPRpk1yO4dOG,0.429,0.453,0,-7.746,1,0.0459,0.554,2e-06,0.102,0.155,77.639,audio_features,4KULAymBBJcPRpk1yO4dOG,spotify:track:4KULAymBBJcPRpk1yO4dOG,https://api.spotify.com/v1/tracks/4KULAymBBJcPRpk1yO4dOG,https://api.spotify.com/v1/audio-analysis/4KULAymBBJcPRpk1yO4dOG,227196,4,H
SZA,Snooze,spotify:track:24yrJJkmVUMkJHvCaR85BN,0.571,0.552,0,-7.231,1,0.13,0.14,0.0,0.109,0.393,143.024,audio_features,24yrJJkmVUMkJHvCaR85BN,spotify:track:24yrJJkmVUMkJHvCaR85BN,https://api.spotify.com/v1/tracks/24yrJJkmVUMkJHvCaR85BN,https://api.spotify.com/v1/audio-analysis/24yrJJkmVUMkJHvCaR85BN,201800,4,H
Tyla,Water,spotify:track:4CljUDO1I5hpKjwSNK6RWY,0.739,0.749,6,-3.318,1,0.0746,0.12,0.0,0.149,0.505,117.03,audio_features,4CljUDO1I5hpKjwSNK6RWY,spotify:track:4CljUDO1I5hpKjwSNK6RWY,https://api.spotify.com/v1/tracks/4CljUDO1I5hpKjwSNK6RWY,https://api.spotify.com/v1/audio-analysis/4CljUDO1I5hpKjwSNK6RWY,200256,4,H
Morgan Wallen,Last Night,spotify:track:59uQI0PADDKeE6UZDTJEe8,0.517,0.675,6,-5.382,1,0.0357,0.459,0.0,0.151,0.518,203.853,audio_features,59uQI0PADDKeE6UZDTJEe8,spotify:track:59uQI0PADDKeE6UZDTJEe8,https://api.spotify.com/v1/tracks/59uQI0PADDKeE6UZDTJEe8,https://api.spotify.com/v1/audio-analysis/59uQI0PADDKeE6UZDTJEe8,163855,4,H
Luke Combs,Fast Car,spotify:track:1Lo0QY9cvc8sUB2vnIOxDT,0.712,0.603,8,-5.52,1,0.0262,0.186,0.0,0.115,0.67,97.994,audio_features,1Lo0QY9cvc8sUB2vnIOxDT,spotify:track:1Lo0QY9cvc8sUB2vnIOxDT,https://api.spotify.com/v1/tracks/1Lo0QY9cvc8sUB2vnIOxDT,https://api.spotify.com/v1/audio-analysis/1Lo0QY9cvc8sUB2vnIOxDT,265493,4,H
Doja Cat,Agora Hills,spotify:track:5PyDJG7SQRgWXefgexqIge,0.755,0.687,8,-6.247,0,0.101,0.183,0.000177,0.125,0.381,123.01,audio_features,5PyDJG7SQRgWXefgexqIge,spotify:track:5PyDJG7SQRgWXefgexqIge,https://api.spotify.com/v1/tracks/5PyDJG7SQRgWXefgexqIge,https://api.spotify.com/v1/audio-analysis/5PyDJG7SQRgWXefgexqIge,265360,4,H
Morgan Wallen,Thinkin' Bout Me,spotify:track:7wmCF3bsF9jBXKPH1ZN043,0.775,0.538,3,-7.264,0,0.0384,0.322,0.0,0.127,0.521,139.952,audio_features,7wmCF3bsF9jBXKPH1ZN043,spotify:track:7wmCF3bsF9jBXKPH1ZN043,https://api.spotify.com/v1/tracks/7wmCF3bsF9jBXKPH1ZN043,https://api.spotify.com/v1/audio-analysis/7wmCF3bsF9jBXKPH1ZN043,170103,4,H
Teddy Swims,Lose Control,spotify:track:17phhZDn6oGtzMe56NuWvj,0.561,0.604,9,-4.409,1,0.0337,0.199,1.9e-05,0.104,0.242,159.92,audio_features,17phhZDn6oGtzMe56NuWvj,spotify:track:17phhZDn6oGtzMe56NuWvj,https://api.spotify.com/v1/tracks/17phhZDn6oGtzMe56NuWvj,https://api.spotify.com/v1/audio-analysis/17phhZDn6oGtzMe56NuWvj,210689,3,H
Taylor Swift,Is It Over Now? (Taylor's Version) [From The Vault],spotify:track:1Iq8oo9XkmmvCQiGOfORiz,0.596,0.658,0,-7.346,1,0.036,0.0504,0.0,0.127,0.176,100.012,audio_features,1Iq8oo9XkmmvCQiGOfORiz,spotify:track:1Iq8oo9XkmmvCQiGOfORiz,https://api.spotify.com/v1/tracks/1Iq8oo9XkmmvCQiGOfORiz,https://api.spotify.com/v1/audio-analysis/1Iq8oo9XkmmvCQiGOfORiz,229478,4,H
Paul Russell,Lil Boo Thang,spotify:track:0cVyQfDyRnMJ0V3rjjdlU3,0.85,0.699,0,-3.292,1,0.0776,0.152,0.0,0.32,0.915,114.481,audio_features,0cVyQfDyRnMJ0V3rjjdlU3,spotify:track:0cVyQfDyRnMJ0V3rjjdlU3,https://api.spotify.com/v1/tracks/0cVyQfDyRnMJ0V3rjjdlU3,https://api.spotify.com/v1/audio-analysis/0cVyQfDyRnMJ0V3rjjdlU3,114234,4,H
Miley Cyrus,Flowers,spotify:track:1ZJwhLQLt2quexYKP2Q3gk,0.672,0.159,9,-8.76,0,0.0343,0.962,1.83e-05,0.106,0.117,113.218,audio_features,1ZJwhLQLt2quexYKP2Q3gk,spotify:track:1ZJwhLQLt2quexYKP2Q3gk,https://api.spotify.com/v1/tracks/1ZJwhLQLt2quexYKP2Q3gk,https://api.spotify.com/v1/audio-analysis/1ZJwhLQLt2quexYKP2Q3gk,210827,4,H
Drake Featuring Sexyy Red & SZA,Rich Baby Daddy,spotify:track:1wfYQIXAzt300l6i1aYiNS,0.645,0.735,2,-4.719,1,0.0475,0.0438,0.0,0.415,0.112,146.085,audio_features,1wfYQIXAzt300l6i1aYiNS,spotify:track:1wfYQIXAzt300l6i1aYiNS,https://api.spotify.com/v1/tracks/1wfYQIXAzt300l6i1aYiNS,https://api.spotify.com/v1/audio-analysis/1wfYQIXAzt300l6i1aYiNS,319190,4,H
Nicki Minaj,FTCU,spotify:track:24Pw64UorwvD1naI3Mw6HV,0.93,0.447,11,-6.778,1,0.224,0.0159,0.000415,0.118,0.249,144.978,audio_features,24Pw64UorwvD1naI3Mw6HV,spotify:track:24Pw64UorwvD1naI3Mw6HV,https://api.spotify.com/v1/tracks/24Pw64UorwvD1naI3Mw6HV,https://api.spotify.com/v1/audio-analysis/24Pw64UorwvD1naI3Mw6HV,172138,4,H
Chris Stapleton,White Horse,spotify:track:7MSWxMumjz6lHj7oRApNbg,0.353,0.77,1,-11.066,0,0.0493,0.0016,0.598,0.109,0.224,145.225,audio_features,7MSWxMumjz6lHj7oRApNbg,spotify:track:7MSWxMumjz6lHj7oRApNbg,https://api.spotify.com/v1/tracks/7MSWxMumjz6lHj7oRApNbg,https://api.spotify.com/v1/audio-analysis/7MSWxMumjz6lHj7oRApNbg,267893,4,H
Noah Kahan,Stick Season,spotify:track:0caJ2wkqp4UmXBwdR2JvB5,0.693,0.595,8,-7.578,1,0.0311,0.0969,0.0,0.113,0.646,112.02,audio_features,0caJ2wkqp4UmXBwdR2JvB5,spotify:track:0caJ2wkqp4UmXBwdR2JvB5,https://api.spotify.com/v1/tracks/0caJ2wkqp4UmXBwdR2JvB5,https://api.spotify.com/v1/audio-analysis/0caJ2wkqp4UmXBwdR2JvB5,213817,4,H
Billie Eilish,What Was I Made For?,spotify:track:6wf7Yu7cxBSPrRlWeSeK0Q,0.444,0.0911,0,-17.665,1,0.0307,0.959,1.05e-06,0.098,0.142,78.403,audio_features,6wf7Yu7cxBSPrRlWeSeK0Q,spotify:track:6wf7Yu7cxBSPrRlWeSeK0Q,https://api.spotify.com/v1/tracks/6wf7Yu7cxBSPrRlWeSeK0Q,https://api.spotify.com/v1/audio-analysis/6wf7Yu7cxBSPrRlWeSeK0Q,222370,4,H
Olivia Rodrigo,Vampire,spotify:track:1kuGVB7EU95pJObxwvfwKS,0.511,0.532,5,-5.745,1,0.0578,0.177,0.0,0.291,0.35,138.005,audio_features,1kuGVB7EU95pJObxwvfwKS,spotify:track:1kuGVB7EU95pJObxwvfwKS,https://api.spotify.com/v1/tracks/1kuGVB7EU95pJObxwvfwKS,https://api.spotify.com/v1/audio-analysis/1kuGVB7EU95pJObxwvfwKS,219724,4,H
Jelly Roll,Need A Favor,spotify:track:07on0OB2cdPt79IFsgdRUy,0.502,0.771,6,-4.246,1,0.032,0.0123,1.82e-05,0.0801,0.557,157.978,audio_features,07on0OB2cdPt79IFsgdRUy,spotify:track:07on0OB2cdPt79IFsgdRUy,https://api.spotify.com/v1/tracks/07on0OB2cdPt79IFsgdRUy,https://api.spotify.com/v1/audio-analysis/07on0OB2cdPt79IFsgdRUy,197400,4,H
Dua Lipa,Dance The Night,spotify:track:1vYXt7VSjH9JIM5oRRo7vA,0.671,0.845,11,-4.93,0,0.048,0.0207,0.0,0.329,0.775,110.056,audio_features,1vYXt7VSjH9JIM5oRRo7vA,spotify:track:1vYXt7VSjH9JIM5oRRo7vA,https://api.spotify.com/v1/tracks/1vYXt7VSjH9JIM5oRRo7vA,https://api.spotify.com/v1/audio-analysis/1vYXt7VSjH9JIM5oRRo7vA,176579,4,H
Gunna,Fukumean,spotify:track:4rXLjWdF2ZZpXCVTfWcshS,0.847,0.622,1,-6.747,0,0.0903,0.119,0.0,0.285,0.22,130.001,audio_features,4rXLjWdF2ZZpXCVTfWcshS,spotify:track:4rXLjWdF2ZZpXCVTfWcshS,https://api.spotify.com/v1/tracks/4rXLjWdF2ZZpXCVTfWcshS,https://api.spotify.com/v1/audio-analysis/4rXLjWdF2ZZpXCVTfWcshS,125040,4,H
Nate Smith,World On Fire,spotify:track:5ya0TmUQw2wHMkq36rPsnd,0.461,0.887,11,-4.871,0,0.0429,0.000219,0.0,0.104,0.411,95.964,audio_features,5ya0TmUQw2wHMkq36rPsnd,spotify:track:5ya0TmUQw2wHMkq36rPsnd,https://api.spotify.com/v1/tracks/5ya0TmUQw2wHMkq36rPsnd,https://api.spotify.com/v1/audio-analysis/5ya0TmUQw2wHMkq36rPsnd,189987,4,H
Dua Lipa,Houdini,spotify:track:4OMJGnvZfDvsePyCwRGO7X,0.744,0.789,9,-4.876,0,0.059,0.0036,0.00144,0.0947,0.866,116.985,audio_features,4OMJGnvZfDvsePyCwRGO7X,spotify:track:4OMJGnvZfDvsePyCwRGO7X,https://api.spotify.com/v1/tracks/4OMJGnvZfDvsePyCwRGO7X,https://api.spotify.com/v1/audio-analysis/4OMJGnvZfDvsePyCwRGO7X,185918,4,H
Nicki Minaj Featuring Lil Uzi Vert,Everybody,spotify:track:5ZJGv7aGdIr9IGpxzSG18T,0.736,0.769,11,-5.546,0,0.258,0.027,0.0,0.23,0.388,137.947,audio_features,5ZJGv7aGdIr9IGpxzSG18T,spotify:track:5ZJGv7aGdIr9IGpxzSG18T,https://api.spotify.com/v1/tracks/5ZJGv7aGdIr9IGpxzSG18T,https://api.spotify.com/v1/audio-analysis/5ZJGv7aGdIr9IGpxzSG18T,180870,4,H
Jelly Roll With Lainey Wilson,Save Me,spotify:track:30LZU3ReFIndjHLfaahreM,0.564,0.612,0,-5.018,1,0.0248,0.382,0.0,0.11,0.146,83.03,audio_features,30LZU3ReFIndjHLfaahreM,spotify:track:30LZU3ReFIndjHLfaahreM,https://api.spotify.com/v1/tracks/30LZU3ReFIndjHLfaahreM,https://api.spotify.com/v1/audio-analysis/30LZU3ReFIndjHLfaahreM,237493,3,H
Drake Featuring J. Cole,First Person Shooter,spotify:track:7aqfrAY2p9BUSiupwk3svU,0.47,0.64,2,-7.779,1,0.32,0.0277,0.0,0.382,0.248,163.92,audio_features,7aqfrAY2p9BUSiupwk3svU,spotify:track:7aqfrAY2p9BUSiupwk3svU,https://api.spotify.com/v1/tracks/7aqfrAY2p9BUSiupwk3svU,https://api.spotify.com/v1/audio-analysis/7aqfrAY2p9BUSiupwk3svU,247444,4,H
Miley Cyrus,Used To Be Young,spotify:track:0Nfh4u0J4bajcyp5pzaWCx,0.451,0.632,4,-3.843,1,0.0475,0.6,0.0,0.139,0.455,147.06,audio_features,0Nfh4u0J4bajcyp5pzaWCx,spotify:track:0Nfh4u0J4bajcyp5pzaWCx,https://api.spotify.com/v1/tracks/0Nfh4u0J4bajcyp5pzaWCx,https://api.spotify.com/v1/audio-analysis/0Nfh4u0J4bajcyp5pzaWCx,190461,4,H
SZA,Kill Bill,spotify:track:1Qrg8KqiBpW07V7PNxwwwL,0.644,0.735,8,-5.747,1,0.0391,0.0521,0.144,0.161,0.418,88.98,audio_features,1Qrg8KqiBpW07V7PNxwwwL,spotify:track:1Qrg8KqiBpW07V7PNxwwwL,https://api.spotify.com/v1/tracks/1Qrg8KqiBpW07V7PNxwwwL,https://api.spotify.com/v1/audio-analysis/1Qrg8KqiBpW07V7PNxwwwL,153947,4,H
"Usher, Summer Walker & 21 Savage",Good Good,spotify:track:0J1YRLYhTG1MBosjidD7OI,0.753,0.669,7,-4.914,0,0.104,0.0378,0.0,0.122,0.584,140.948,audio_features,0J1YRLYhTG1MBosjidD7OI,spotify:track:0J1YRLYhTG1MBosjidD7OI,https://api.spotify.com/v1/tracks/0J1YRLYhTG1MBosjidD7OI,https://api.spotify.com/v1/audio-analysis/0J1YRLYhTG1MBosjidD7OI,247469,4,H
Warren Zeiders,Pretty Little Poison,spotify:track:2gT2iF1YK5r54A2PDEXVv8,0.518,0.557,1,-4.839,1,0.0332,0.0258,2.46e-06,0.156,0.216,111.865,audio_features,2gT2iF1YK5r54A2PDEXVv8,spotify:track:2gT2iF1YK5r54A2PDEXVv8,https://api.spotify.com/v1/tracks/2gT2iF1YK5r54A2PDEXVv8,https://api.spotify.com/v1/audio-analysis/2gT2iF1YK5r54A2PDEXVv8,218160,3,H
Xavi,La Diabla,spotify:track:252UPuQsncbBFhTrx4Ytcc,0.859,0.747,0,-4.176,1,0.0623,0.461,1.14e-06,0.34,0.882,124.966,audio_features,252UPuQsncbBFhTrx4Ytcc,spotify:track:252UPuQsncbBFhTrx4Ytcc,https://api.spotify.com/v1/tracks/252UPuQsncbBFhTrx4Ytcc,https://api.spotify.com/v1/audio-analysis/252UPuQsncbBFhTrx4Ytcc,239027,4,H
Victoria Monet,On My Mama,spotify:track:7DswEZZthZ6piQpL25qGAM,0.675,0.546,4,-7.716,0,0.0511,0.556,0.00441,0.167,0.607,77.415,audio_features,7DswEZZthZ6piQpL25qGAM,spotify:track:7DswEZZthZ6piQpL25qGAM,https://api.spotify.com/v1/tracks/7DswEZZthZ6piQpL25qGAM,https://api.spotify.com/v1/audio-analysis/7DswEZZthZ6piQpL25qGAM,184258,4,H
HARDY,Truck Bed,spotify:track:103u49mLoJUge83B1CnLxI,0.662,0.77,0,-4.887,1,0.0367,0.0875,0.0,0.35,0.769,132.057,audio_features,103u49mLoJUge83B1CnLxI,spotify:track:103u49mLoJUge83B1CnLxI,https://api.spotify.com/v1/tracks/103u49mLoJUge83B1CnLxI,https://api.spotify.com/v1/audio-analysis/103u49mLoJUge83B1CnLxI,167535,4,H
Mitski,My Love Mine All Mine,spotify:track:3vkCueOmm7xQDoJ17W1Pm3,0.504,0.308,9,-14.958,1,0.0321,0.868,0.135,0.158,0.121,113.95,audio_features,3vkCueOmm7xQDoJ17W1Pm3,spotify:track:3vkCueOmm7xQDoJ17W1Pm3,https://api.spotify.com/v1/tracks/3vkCueOmm7xQDoJ17W1Pm3,https://api.spotify.com/v1/audio-analysis/3vkCueOmm7xQDoJ17W1Pm3,137773,4,H
Dan + Shay,Save Me The Trouble,spotify:track:42fw0rxRO2xbesF6mJfd4Y,0.489,0.581,11,-5.731,1,0.0281,0.0312,0.0,0.132,0.494,86.016,audio_features,42fw0rxRO2xbesF6mJfd4Y,spotify:track:42fw0rxRO2xbesF6mJfd4Y,https://api.spotify.com/v1/tracks/42fw0rxRO2xbesF6mJfd4Y,https://api.spotify.com/v1/audio-analysis/42fw0rxRO2xbesF6mJfd4Y,196747,4,H
Tate McRae,Exes,spotify:track:3rUGC1vUpkDG9CZFHMur1t,0.75,0.733,6,-3.18,0,0.0319,0.256,0.0,0.114,0.844,111.018,audio_features,3rUGC1vUpkDG9CZFHMur1t,spotify:track:3rUGC1vUpkDG9CZFHMur1t,https://api.spotify.com/v1/tracks/3rUGC1vUpkDG9CZFHMur1t,https://api.spotify.com/v1/audio-analysis/3rUGC1vUpkDG9CZFHMur1t,131872,1,H
Travis Scott,I Know ?,spotify:track:6wsqVwoiVH2kde4k4KKAFU,0.927,0.619,5,-4.441,0,0.0539,0.0186,0.0,0.104,0.817,117.995,audio_features,6wsqVwoiVH2kde4k4KKAFU,spotify:track:6wsqVwoiVH2kde4k4KKAFU,https://api.spotify.com/v1/tracks/6wsqVwoiVH2kde4k4KKAFU,https://api.spotify.com/v1/audio-analysis/6wsqVwoiVH2kde4k4KKAFU,211582,4,H
Jessie Murph & Jelly Roll,Wild Ones,spotify:track:2kE2HFBFkJ0VMw3igxYohz,0.65,0.689,0,-3.543,1,0.0449,0.0878,0.0,0.172,0.294,136.03,audio_features,2kE2HFBFkJ0VMw3igxYohz,spotify:track:2kE2HFBFkJ0VMw3igxYohz,https://api.spotify.com/v1/tracks/2kE2HFBFkJ0VMw3igxYohz,https://api.spotify.com/v1/audio-analysis/2kE2HFBFkJ0VMw3igxYohz,142520,4,H
Kenya Grace,Strangers,spotify:track:5mjYQaktjmjcMKcUIcqz4s,0.628,0.523,11,-8.307,0,0.0946,0.701,0.00274,0.219,0.416,169.982,audio_features,5mjYQaktjmjcMKcUIcqz4s,spotify:track:5mjYQaktjmjcMKcUIcqz4s,https://api.spotify.com/v1/tracks/5mjYQaktjmjcMKcUIcqz4s,https://api.spotify.com/v1/audio-analysis/5mjYQaktjmjcMKcUIcqz4s,172965,4,H
Bad Bunny,Monaco,spotify:track:0rY6m2panPvhv1wzB5AAkN,0.577,0.573,1,-8.353,1,0.471,0.0245,0.0,0.501,0.319,137.492,audio_features,0rY6m2panPvhv1wzB5AAkN,spotify:track:0rY6m2panPvhv1wzB5AAkN,https://api.spotify.com/v1/tracks/0rY6m2panPvhv1wzB5AAkN,https://api.spotify.com/v1/audio-analysis/0rY6m2panPvhv1wzB5AAkN,135909,4,H
JID Featuring 21 Savage & Baby Tate,Surround Sound,spotify:track:1udwFobQ1JoOdWPQrp2b6u,0.575,0.56,5,-7.302,1,0.478,0.173,0.0,0.257,0.471,75.956,audio_features,1udwFobQ1JoOdWPQrp2b6u,spotify:track:1udwFobQ1JoOdWPQrp2b6u,https://api.spotify.com/v1/tracks/1udwFobQ1JoOdWPQrp2b6u,https://api.spotify.com/v1/audio-analysis/1udwFobQ1JoOdWPQrp2b6u,229938,4,H
Cody Johnson,The Painter,spotify:track:6UoKX6uLJwhsnyTp5k5StP,0.512,0.709,2,-5.766,1,0.0329,0.0415,4.25e-06,0.107,0.261,97.981,audio_features,6UoKX6uLJwhsnyTp5k5StP,spotify:track:6UoKX6uLJwhsnyTp5k5StP,https://api.spotify.com/v1/tracks/6UoKX6uLJwhsnyTp5k5StP,https://api.spotify.com/v1/audio-analysis/6UoKX6uLJwhsnyTp5k5StP,211413,4,H
Olivia Rodrigo,Get Him Back!,spotify:track:4Qkv9efATrhTVnolN2OJ5C,0.699,0.608,5,-8.11,1,0.039,0.0293,0.832,0.105,0.77,162.033,audio_features,4Qkv9efATrhTVnolN2OJ5C,spotify:track:4Qkv9efATrhTVnolN2OJ5C,https://api.spotify.com/v1/tracks/4Qkv9efATrhTVnolN2OJ5C,https://api.spotify.com/v1/audio-analysis/4Qkv9efATrhTVnolN2OJ5C,208735,4,H
Flo Milli,Never Lose Me,spotify:track:2lXQX3uhFHRYGBE6xR3tic,0.786,0.504,1,-7.678,1,0.0938,0.0332,0.0,0.0979,0.346,121.967,audio_features,2lXQX3uhFHRYGBE6xR3tic,spotify:track:2lXQX3uhFHRYGBE6xR3tic,https://api.spotify.com/v1/tracks/2lXQX3uhFHRYGBE6xR3tic,https://api.spotify.com/v1/audio-analysis/2lXQX3uhFHRYGBE6xR3tic,165246,4,H
Noah Kahan With Post Malone,Dial Drunk,spotify:track:22VHOlVYBqytsrAqV8yXBK,0.667,0.613,8,-7.147,1,0.0313,0.121,0.0,0.113,0.681,112.046,audio_features,22VHOlVYBqytsrAqV8yXBK,spotify:track:22VHOlVYBqytsrAqV8yXBK,https://api.spotify.com/v1/tracks/22VHOlVYBqytsrAqV8yXBK,https://api.spotify.com/v1/audio-analysis/22VHOlVYBqytsrAqV8yXBK,213817,4,H
Luke Combs,Where The Wild Things Are,spotify:track:0eBFgRxyVSeuT4iyrbukdn,0.708,0.731,3,-4.872,1,0.0345,0.0189,4.47e-06,0.129,0.379,116.975,audio_features,0eBFgRxyVSeuT4iyrbukdn,spotify:track:0eBFgRxyVSeuT4iyrbukdn,https://api.spotify.com/v1/tracks/0eBFgRxyVSeuT4iyrbukdn,https://api.spotify.com/v1/audio-analysis/0eBFgRxyVSeuT4iyrbukdn,239533,4,H
Drake,You Broke My Heart,spotify:track:2FBo7mg3It3YOefMhBKk60,0.465,0.713,10,-5.205,0,0.0796,0.191,0.0,0.299,0.329,123.872,audio_features,2FBo7mg3It3YOefMhBKk60,spotify:track:2FBo7mg3It3YOefMhBKk60,https://api.spotify.com/v1/tracks/2FBo7mg3It3YOefMhBKk60,https://api.spotify.com/v1/audio-analysis/2FBo7mg3It3YOefMhBKk60,230709,4,H
Drake Featuring Yeat,IDGAF,spotify:track:6G4q8Qb7CQP5gVtzQNK0zT,0.68,0.659,8,-8.447,1,0.237,0.0344,0.000205,0.205,0.157,136.944,audio_features,6G4q8Qb7CQP5gVtzQNK0zT,spotify:track:6G4q8Qb7CQP5gVtzQNK0zT,https://api.spotify.com/v1/tracks/6G4q8Qb7CQP5gVtzQNK0zT,https://api.spotify.com/v1/audio-analysis/6G4q8Qb7CQP5gVtzQNK0zT,260111,4,H
Fuerza Regida & Marshmello,Harley Quinn,spotify:track:6sMPFkWOGqEGBqnHEZ2jfy,0.795,0.762,5,-5.482,0,0.111,0.0643,0.00461,0.261,0.638,125.044,audio_features,6sMPFkWOGqEGBqnHEZ2jfy,spotify:track:6sMPFkWOGqEGBqnHEZ2jfy,https://api.spotify.com/v1/tracks/6sMPFkWOGqEGBqnHEZ2jfy,https://api.spotify.com/v1/audio-analysis/6sMPFkWOGqEGBqnHEZ2jfy,143327,4,H
Parker McCollum,Burn It Down,spotify:track:4bARASJEokNacSYtEhoNBp,0.484,0.753,2,-5.23,1,0.0503,0.11,5.95e-06,0.193,0.281,80.995,audio_features,4bARASJEokNacSYtEhoNBp,spotify:track:4bARASJEokNacSYtEhoNBp,https://api.spotify.com/v1/tracks/4bARASJEokNacSYtEhoNBp,https://api.spotify.com/v1/audio-analysis/4bARASJEokNacSYtEhoNBp,216673,4,H
Peso Pluma & Anitta,Bellakeo,spotify:track:05WVKTdZhlIMX4qqMLuo0f,0.72,0.88,9,-2.834,1,0.101,0.0562,0.06,0.153,0.463,180.011,audio_features,05WVKTdZhlIMX4qqMLuo0f,spotify:track:05WVKTdZhlIMX4qqMLuo0f,https://api.spotify.com/v1/tracks/05WVKTdZhlIMX4qqMLuo0f,https://api.spotify.com/v1/audio-analysis/05WVKTdZhlIMX4qqMLuo0f,197333,4,H
Xavi,La Victima,spotify:track:5XVdHRf4CAJ2Jm0uMIy5qY,0.778,0.835,11,-3.598,0,0.0767,0.152,0.0,0.109,0.666,140.082,audio_features,5XVdHRf4CAJ2Jm0uMIy5qY,spotify:track:5XVdHRf4CAJ2Jm0uMIy5qY,https://api.spotify.com/v1/tracks/5XVdHRf4CAJ2Jm0uMIy5qY,https://api.spotify.com/v1/audio-analysis/5XVdHRf4CAJ2Jm0uMIy5qY,156346,4,H
Sabrina Carpenter,Feather,spotify:track:2Zo1PcszsT9WQ0ANntJbID,0.787,0.686,6,-4.37,0,0.0339,0.0893,0.0,0.0927,0.836,123.51,audio_features,2Zo1PcszsT9WQ0ANntJbID,spotify:track:2Zo1PcszsT9WQ0ANntJbID,https://api.spotify.com/v1/tracks/2Zo1PcszsT9WQ0ANntJbID,https://api.spotify.com/v1/audio-analysis/2Zo1PcszsT9WQ0ANntJbID,185553,4,H
Lil Tecca,500lbs,spotify:track:6rjuKpPydT2SxN15TZpV7r,0.722,0.785,7,-5.451,0,0.0763,0.0942,0.0,0.119,0.529,122.986,audio_features,6rjuKpPydT2SxN15TZpV7r,spotify:track:6rjuKpPydT2SxN15TZpV7r,https://api.spotify.com/v1/tracks/6rjuKpPydT2SxN15TZpV7r,https://api.spotify.com/v1/audio-analysis/6rjuKpPydT2SxN15TZpV7r,144390,4,H
Karol G & Peso Pluma,Qlona,spotify:track:5RqSsdzTNPX1uzkmlHCFvK,0.841,0.738,7,-7.455,0,0.307,0.52,0.0,0.0892,0.484,169.918,audio_features,5RqSsdzTNPX1uzkmlHCFvK,spotify:track:5RqSsdzTNPX1uzkmlHCFvK,https://api.spotify.com/v1/tracks/5RqSsdzTNPX1uzkmlHCFvK,https://api.spotify.com/v1/audio-analysis/5RqSsdzTNPX1uzkmlHCFvK,172798,4,H
Kane Brown,I Can Feel It,spotify:track:2eGvz6O6tVnh9nKiitDEhZ,0.529,0.866,3,-5.816,0,0.0452,0.00281,0.00526,0.0287,0.55,116.004,audio_features,2eGvz6O6tVnh9nKiitDEhZ,spotify:track:2eGvz6O6tVnh9nKiitDEhZ,https://api.spotify.com/v1/tracks/2eGvz6O6tVnh9nKiitDEhZ,https://api.spotify.com/v1/audio-analysis/2eGvz6O6tVnh9nKiitDEhZ,163600,4,H
Zach Bryan Featuring The War And Treaty,Hey Driver,spotify:track:4pCbJC43j3gSqG6Fen6upD,0.583,0.351,0,-5.836,1,0.0306,0.494,0.0,0.368,0.462,79.014,audio_features,4pCbJC43j3gSqG6Fen6upD,spotify:track:4pCbJC43j3gSqG6Fen6upD,https://api.spotify.com/v1/tracks/4pCbJC43j3gSqG6Fen6upD,https://api.spotify.com/v1/audio-analysis/4pCbJC43j3gSqG6Fen6upD,227467,4,H
Taylor Swift,You're Losing Me (From The Vault),spotify:track:3CWq0pAKKTWb0K4yiglDc4,0.747,0.391,0,-13.767,1,0.052,0.529,0.003,0.111,0.195,102.984,audio_features,3CWq0pAKKTWb0K4yiglDc4,spotify:track:3CWq0pAKKTWb0K4yiglDc4,https://api.spotify.com/v1/tracks/3CWq0pAKKTWb0K4yiglDc4,https://api.spotify.com/v1/audio-analysis/3CWq0pAKKTWb0K4yiglDc4,277832,4,H
George Birge,Mind On You,spotify:track:1eoapzLQuYBDRDaHQuxXc4,0.605,0.836,1,-4.94,1,0.0272,0.11,0.0,0.17,0.587,130.089,audio_features,1eoapzLQuYBDRDaHQuxXc4,spotify:track:1eoapzLQuYBDRDaHQuxXc4,https://api.spotify.com/v1/tracks/1eoapzLQuYBDRDaHQuxXc4,https://api.spotify.com/v1/audio-analysis/1eoapzLQuYBDRDaHQuxXc4,201923,4,H
Olivia Rodrigo,Can't Catch Me Now,spotify:track:5k2JedIFqTHfbM77hW0dGp,0.57,0.289,2,-15.599,1,0.0368,0.493,0.853,0.112,0.349,142.004,audio_features,5k2JedIFqTHfbM77hW0dGp,spotify:track:5k2JedIFqTHfbM77hW0dGp,https://api.spotify.com/v1/tracks/5k2JedIFqTHfbM77hW0dGp,https://api.spotify.com/v1/audio-analysis/5k2JedIFqTHfbM77hW0dGp,204718,4,H
Riley Green Featuring Luke Combs,Different 'Round Here,spotify:track:4l5w5qGInIhwfvpYmPIYdK,0.457,0.725,1,-5.979,1,0.0318,8.66e-05,0.000126,0.13,0.318,141.936,audio_features,4l5w5qGInIhwfvpYmPIYdK,spotify:track:4l5w5qGInIhwfvpYmPIYdK,https://api.spotify.com/v1/tracks/4l5w5qGInIhwfvpYmPIYdK,https://api.spotify.com/v1/audio-analysis/4l5w5qGInIhwfvpYmPIYdK,174992,4,H
Maluma & Carin Leon,Segun Quien,spotify:track:6fNCrsrdIcgVd2aZZ0nnz4,0.909,0.762,9,-3.974,1,0.0643,0.434,0.0,0.0856,0.843,101.987,audio_features,6fNCrsrdIcgVd2aZZ0nnz4,spotify:track:6fNCrsrdIcgVd2aZZ0nnz4,https://api.spotify.com/v1/tracks/6fNCrsrdIcgVd2aZZ0nnz4,https://api.spotify.com/v1/audio-analysis/6fNCrsrdIcgVd2aZZ0nnz4,142335,3,H
Morgan Wallen Featuring Eric Church,Man Made A Bar,spotify:track:73zawW1ttszLRgT9By826D,0.498,0.764,4,-5.006,1,0.0309,0.123,3.07e-05,0.119,0.489,147.984,audio_features,73zawW1ttszLRgT9By826D,spotify:track:73zawW1ttszLRgT9By826D,https://api.spotify.com/v1/tracks/73zawW1ttszLRgT9By826D,https://api.spotify.com/v1/audio-analysis/73zawW1ttszLRgT9By826D,191231,4,H
Grupo Frontera & Grupo Firme,El Amor de Su Vida,spotify:track:0O3U5iwTbiXCREMkvotJuN,0.616,0.834,9,-3.069,1,0.0664,0.06,0.0,0.338,0.746,151.701,audio_features,0O3U5iwTbiXCREMkvotJuN,spotify:track:0O3U5iwTbiXCREMkvotJuN,https://api.spotify.com/v1/tracks/0O3U5iwTbiXCREMkvotJuN,https://api.spotify.com/v1/audio-analysis/0O3U5iwTbiXCREMkvotJuN,165848,4,H
310babii,Soak City (Do It),spotify:track:2EYdheS1WcwbBv8bRmbvvW,0.814,0.683,9,-7.042,1,0.179,0.0906,0.0,0.268,0.402,101.92,audio_features,2EYdheS1WcwbBv8bRmbvvW,spotify:track:2EYdheS1WcwbBv8bRmbvvW,https://api.spotify.com/v1/tracks/2EYdheS1WcwbBv8bRmbvvW,https://api.spotify.com/v1/audio-analysis/2EYdheS1WcwbBv8bRmbvvW,216648,4,H
"The Weeknd, JENNIE & Lily Rose Depp",One Of The Girls,spotify:track:7CyPwkp0oE8Ro9Dd5CUDjW,0.522,0.641,8,-6.287,1,0.0318,0.0545,0.0,0.162,0.202,87.51,audio_features,7CyPwkp0oE8Ro9Dd5CUDjW,spotify:track:7CyPwkp0oE8Ro9Dd5CUDjW,https://api.spotify.com/v1/tracks/7CyPwkp0oE8Ro9Dd5CUDjW,https://api.spotify.com/v1/audio-analysis/7CyPwkp0oE8Ro9Dd5CUDjW,244685,4,H
Jung Kook,Standing Next To You,spotify:track:2KslE17cAJNHTsI2MI0jb2,0.711,0.809,2,-4.389,0,0.0955,0.0447,0.0,0.339,0.816,106.017,audio_features,2KslE17cAJNHTsI2MI0jb2,spotify:track:2KslE17cAJNHTsI2MI0jb2,https://api.spotify.com/v1/tracks/2KslE17cAJNHTsI2MI0jb2,https://api.spotify.com/v1/audio-analysis/2KslE17cAJNHTsI2MI0jb2,206020,4,H
Chayce Beckham,23,spotify:track:1uPlAdnaXBhCH8Yoj64zXh,0.553,0.723,0,-5.858,0,0.0303,0.0248,1.05e-06,0.252,0.616,88.007,audio_features,1uPlAdnaXBhCH8Yoj64zXh,spotify:track:1uPlAdnaXBhCH8Yoj64zXh,https://api.spotify.com/v1/tracks/1uPlAdnaXBhCH8Yoj64zXh,https://api.spotify.com/v1/audio-analysis/1uPlAdnaXBhCH8Yoj64zXh,186907,4,H
Bad Bunny & Feid,Perro Negro,spotify:track:7iQXYTyuG13aoeHxGG28Nh,0.911,0.778,5,-2.248,1,0.262,0.0887,2.16e-05,0.179,0.345,96.057,audio_features,7iQXYTyuG13aoeHxGG28Nh,spotify:track:7iQXYTyuG13aoeHxGG28Nh,https://api.spotify.com/v1/tracks/7iQXYTyuG13aoeHxGG28Nh,https://api.spotify.com/v1/audio-analysis/7iQXYTyuG13aoeHxGG28Nh,162768,4,H
Carly Pearce Featuring Chris Stapleton,We Don't Fight Anymore,spotify:track:2dPwBKr5uJeCeyd5IoWi8W,0.619,0.564,4,-6.517,1,0.0302,0.673,0.0,0.184,0.419,129.944,audio_features,2dPwBKr5uJeCeyd5IoWi8W,spotify:track:2dPwBKr5uJeCeyd5IoWi8W,https://api.spotify.com/v1/tracks/2dPwBKr5uJeCeyd5IoWi8W,https://api.spotify.com/v1/audio-analysis/2dPwBKr5uJeCeyd5IoWi8W,220146,4,H
Calle 24 x Chino Pacas x Fuerza Regida,Que Onda,spotify:track:6uIIdjYTxxpWOyWuVXrKQO,0.808,0.944,10,-4.863,0,0.0408,0.183,1.11e-06,0.138,0.937,124.934,audio_features,6uIIdjYTxxpWOyWuVXrKQO,spotify:track:6uIIdjYTxxpWOyWuVXrKQO,https://api.spotify.com/v1/tracks/6uIIdjYTxxpWOyWuVXrKQO,https://api.spotify.com/v1/audio-analysis/6uIIdjYTxxpWOyWuVXrKQO,191467,3,H
Zach Bryan,Oklahoma Smokeshow,spotify:track:0OWhKvvsHptt6vnnNUSM9a,0.544,0.573,8,-5.694,1,0.0356,0.0958,0.0,0.104,0.233,122.977,audio_features,0OWhKvvsHptt6vnnNUSM9a,spotify:track:0OWhKvvsHptt6vnnNUSM9a,https://api.spotify.com/v1/tracks/0OWhKvvsHptt6vnnNUSM9a,https://api.spotify.com/v1/audio-analysis/0OWhKvvsHptt6vnnNUSM9a,211739,4,H
The Red Clay Strays,Wondering Why,spotify:track:1OG7o5af3ILKrFkp7pvvb0,0.524,0.209,4,-12.437,1,0.0405,0.85,0.0,0.173,0.347,148.59,audio_features,1OG7o5af3ILKrFkp7pvvb0,spotify:track:1OG7o5af3ILKrFkp7pvvb0,https://api.spotify.com/v1/tracks/1OG7o5af3ILKrFkp7pvvb0,https://api.spotify.com/v1/audio-analysis/1OG7o5af3ILKrFkp7pvvb0,232918,3,H
BigXthaPlug,Mmhmm,spotify:track:4QTlxavdQGUVitxAvQqqkU,0.93,0.682,9,-8.799,1,0.331,0.028,0.0,0.129,0.962,126.003,audio_features,4QTlxavdQGUVitxAvQqqkU,spotify:track:4QTlxavdQGUVitxAvQqqkU,https://api.spotify.com/v1/tracks/4QTlxavdQGUVitxAvQqqkU,https://api.spotify.com/v1/audio-analysis/4QTlxavdQGUVitxAvQqqkU,119016,4,H
Rod Wave,Great Gatsby,spotify:track:1TDjN4Y7YzMsB6srvvfTyM,0.699,0.551,1,-8.844,0,0.131,0.0513,9.45e-06,0.315,0.147,156.991,audio_features,1TDjN4Y7YzMsB6srvvfTyM,spotify:track:1TDjN4Y7YzMsB6srvvfTyM,https://api.spotify.com/v1/tracks/1TDjN4Y7YzMsB6srvvfTyM,https://api.spotify.com/v1/audio-analysis/1TDjN4Y7YzMsB6srvvfTyM,146752,4,H
Travis Scott Featuring Playboi Carti,FE!N,spotify:track:42VsgItocQwOQC3XWZ8JNA,0.569,0.882,3,-2.777,0,0.06,0.0316,0.0,0.142,0.201,148.038,audio_features,42VsgItocQwOQC3XWZ8JNA,spotify:track:42VsgItocQwOQC3XWZ8JNA,https://api.spotify.com/v1/tracks/42VsgItocQwOQC3XWZ8JNA,https://api.spotify.com/v1/audio-analysis/42VsgItocQwOQC3XWZ8JNA,191701,4,H
Olivia Rodrigo,Bad Idea Right?,spotify:track:3IX0yuEVvDbnqUwMBB3ouC,0.627,0.879,9,-3.446,1,0.0955,0.00193,6.87e-06,0.0647,0.748,129.979,audio_features,3IX0yuEVvDbnqUwMBB3ouC,spotify:track:3IX0yuEVvDbnqUwMBB3ouC,https://api.spotify.com/v1/tracks/3IX0yuEVvDbnqUwMBB3ouC,https://api.spotify.com/v1/audio-analysis/3IX0yuEVvDbnqUwMBB3ouC,184784,4,H
"Peso Pluma, Junior H & Oscar Maydon",Rompe La Dompe,spotify:track:2OWv3lRR8PtOVuHWzQNRs2,0.757,0.642,2,-7.966,0,0.0369,0.607,0.0355,0.169,0.759,130.098,audio_features,2OWv3lRR8PtOVuHWzQNRs2,spotify:track:2OWv3lRR8PtOVuHWzQNRs2,https://api.spotify.com/v1/tracks/2OWv3lRR8PtOVuHWzQNRs2,https://api.spotify.com/v1/audio-analysis/2OWv3lRR8PtOVuHWzQNRs2,165635,3,H
Dylan Scott,Can't Have Mine,spotify:track:3jfywRZH6cB2iLyKqo4EZd,0.663,0.502,5,-7.07,1,0.0285,0.791,0.0,0.105,0.371,143.969,audio_features,3jfywRZH6cB2iLyKqo4EZd,spotify:track:3jfywRZH6cB2iLyKqo4EZd,https://api.spotify.com/v1/tracks/3jfywRZH6cB2iLyKqo4EZd,https://api.spotify.com/v1/audio-analysis/3jfywRZH6cB2iLyKqo4EZd,183087,4,H
Nicki Minaj Featuring Drake,Needle,spotify:track:7I7O0huqjKrXHX0aaLuO5B,0.552,0.213,5,-16.777,1,0.0387,0.577,0.0105,0.116,0.332,116.165,audio_features,7I7O0huqjKrXHX0aaLuO5B,spotify:track:7I7O0huqjKrXHX0aaLuO5B,https://api.spotify.com/v1/tracks/7I7O0huqjKrXHX0aaLuO5B,https://api.spotify.com/v1/audio-analysis/7I7O0huqjKrXHX0aaLuO5B,259893,4,H
Drake,Virginia Beach,spotify:track:3eP13S8D5m2cweMEg3ZDed,0.402,0.514,1,-7.322,0,0.0471,0.106,0.0,0.181,0.2,120.009,audio_features,3eP13S8D5m2cweMEg3ZDed,spotify:track:3eP13S8D5m2cweMEg3ZDed,https://api.spotify.com/v1/tracks/3eP13S8D5m2cweMEg3ZDed,https://api.spotify.com/v1/audio-analysis/3eP13S8D5m2cweMEg3ZDed,251095,4,H
Oliver Anthony Music,Rich Men North Of Richmond,spotify:track:78Du4CMFgnhdlG33gblkiP,0.678,0.264,10,-12.384,1,0.0622,0.753,0.0,0.302,0.528,121.722,audio_features,78Du4CMFgnhdlG33gblkiP,spotify:track:78Du4CMFgnhdlG33gblkiP,https://api.spotify.com/v1/tracks/78Du4CMFgnhdlG33gblkiP,https://api.spotify.com/v1/audio-analysis/78Du4CMFgnhdlG33gblkiP,187244,4,H
Noah Kahan With Hozier,Northern Attitude,spotify:track:3BqvSMpXIXHuLUFQgXL4K5,0.489,0.65,3,-8.024,1,0.055,0.131,6.93e-05,0.106,0.273,121.92,audio_features,3BqvSMpXIXHuLUFQgXL4K5,spotify:track:3BqvSMpXIXHuLUFQgXL4K5,https://api.spotify.com/v1/tracks/3BqvSMpXIXHuLUFQgXL4K5,https://api.spotify.com/v1/audio-analysis/3BqvSMpXIXHuLUFQgXL4K5,267256,4,H
Taylor Swift,Now That We Don't Talk (Taylor's Version) [From The Vault],spotify:track:5QUIK7ZtziW8kGWo8RqopF,0.8,0.501,0,-9.332,1,0.034,0.16,7.14e-05,0.0874,0.0831,110.013,audio_features,5QUIK7ZtziW8kGWo8RqopF,spotify:track:5QUIK7ZtziW8kGWo8RqopF,https://api.spotify.com/v1/tracks/5QUIK7ZtziW8kGWo8RqopF,https://api.spotify.com/v1/audio-analysis/5QUIK7ZtziW8kGWo8RqopF,146437,4,H
"Juice WRLD, Eminem & benny blanco",Lace It,spotify:track:4qmG24ebshLXtKu9HIShBP,0.773,0.597,2,-7.138,1,0.309,0.194,0.0,0.22,0.305,160.101,audio_features,4qmG24ebshLXtKu9HIShBP,spotify:track:4qmG24ebshLXtKu9HIShBP,https://api.spotify.com/v1/tracks/4qmG24ebshLXtKu9HIShBP,https://api.spotify.com/v1/audio-analysis/4qmG24ebshLXtKu9HIShBP,217527,4,H
Karol G,Mi Ex Tenia Razon,spotify:track:54zcJnb3tp9c5OVKREZ1Is,0.634,0.725,5,-4.945,0,0.0587,0.0776,0.0,0.211,0.795,159.845,audio_features,54zcJnb3tp9c5OVKREZ1Is,spotify:track:54zcJnb3tp9c5OVKREZ1Is,https://api.spotify.com/v1/tracks/54zcJnb3tp9c5OVKREZ1Is,https://api.spotify.com/v1/audio-analysis/54zcJnb3tp9c5OVKREZ1Is,154375,4,H
Tate McRae,Run For The Hills,spotify:track:51hyZpbJlIgZIaX3TtMxmu,0.544,0.831,8,-3.578,1,0.0941,0.543,0.0,0.118,0.233,130.005,audio_features,51hyZpbJlIgZIaX3TtMxmu,spotify:track:51hyZpbJlIgZIaX3TtMxmu,https://api.spotify.com/v1/tracks/51hyZpbJlIgZIaX3TtMxmu,https://api.spotify.com/v1/audio-analysis/51hyZpbJlIgZIaX3TtMxmu,143940,4,H
Drake Featuring SZA,Slime You Out,spotify:track:3RaCGXCiiMufRPoexXxGkV,0.483,0.408,5,-9.243,0,0.0502,0.508,0.0,0.259,0.105,88.88,audio_features,3RaCGXCiiMufRPoexXxGkV,spotify:track:3RaCGXCiiMufRPoexXxGkV,https://api.spotify.com/v1/tracks/3RaCGXCiiMufRPoexXxGkV,https://api.spotify.com/v1/audio-analysis/3RaCGXCiiMufRPoexXxGkV,310491,3,H
*NSYNC,Better Place,spotify:track:1bHnRc60O1N0l3PbHjaKyK,0.579,0.556,4,-6.277,0,0.0511,0.0214,0.0,0.0904,0.558,116.943,audio_features,1bHnRc60O1N0l3PbHjaKyK,spotify:track:1bHnRc60O1N0l3PbHjaKyK,https://api.spotify.com/v1/tracks/1bHnRc60O1N0l3PbHjaKyK,https://api.spotify.com/v1/audio-analysis/1bHnRc60O1N0l3PbHjaKyK,216667,4,H
Zach Bryan,"Burn, Burn, Burn",spotify:track:5jfhLCSIFUO4ndzNRh4w4G,0.508,0.296,3,-10.513,1,0.0755,0.897,5e-05,0.11,0.134,82.532,audio_features,5jfhLCSIFUO4ndzNRh4w4G,spotify:track:5jfhLCSIFUO4ndzNRh4w4G,https://api.spotify.com/v1/tracks/5jfhLCSIFUO4ndzNRh4w4G,https://api.spotify.com/v1/audio-analysis/5jfhLCSIFUO4ndzNRh4w4G,268856,4,H
Travis Scott,My Eyes,spotify:track:4kjI1gwQZRKNDkw1nI475M,0.455,0.621,0,-7.694,0,0.0517,0.651,2.59e-06,0.123,0.28,119.043,audio_features,4kjI1gwQZRKNDkw1nI475M,spotify:track:4kjI1gwQZRKNDkw1nI475M,https://api.spotify.com/v1/tracks/4kjI1gwQZRKNDkw1nI475M,https://api.spotify.com/v1/audio-analysis/4kjI1gwQZRKNDkw1nI475M,251250,4,H
Rod Wave Featuring 21 Savage,Turks & Caicos,spotify:track:40TPiJpvwGIyvPjJMDTKfy,0.874,0.443,5,-9.628,0,0.241,0.147,0.0,0.124,0.298,118.004,audio_features,40TPiJpvwGIyvPjJMDTKfy,spotify:track:40TPiJpvwGIyvPjJMDTKfy,https://api.spotify.com/v1/tracks/40TPiJpvwGIyvPjJMDTKfy,https://api.spotify.com/v1/audio-analysis/40TPiJpvwGIyvPjJMDTKfy,235988,4,H
Zach Bryan,Tourniquet,spotify:track:3EvZ03hGAFwGZ2Ebcu86YH,0.593,0.397,6,-8.309,1,0.0329,0.684,7.44e-06,0.0982,0.32,76.703,audio_features,3EvZ03hGAFwGZ2Ebcu86YH,spotify:track:3EvZ03hGAFwGZ2Ebcu86YH,https://api.spotify.com/v1/tracks/3EvZ03hGAFwGZ2Ebcu86YH,https://api.spotify.com/v1/audio-analysis/3EvZ03hGAFwGZ2Ebcu86YH,189053,4,H
Junior H,Y Lloro,spotify:track:6RcAHyC5sAUIbPTkhOQwd8,0.728,0.589,7,-7.115,1,0.0376,0.424,7.78e-06,0.166,0.767,77.475,audio_features,6RcAHyC5sAUIbPTkhOQwd8,spotify:track:6RcAHyC5sAUIbPTkhOQwd8,https://api.spotify.com/v1/tracks/6RcAHyC5sAUIbPTkhOQwd8,https://api.spotify.com/v1/audio-analysis/6RcAHyC5sAUIbPTkhOQwd8,179013,4,H
Sophie Ellis-Bextor,Murder On The Dancefloor,spotify:track:6yfU5QHRcUD4TG4P6tFXRS,0.577,0.526,4,-8.312,1,0.0477,0.808,0.0,0.0829,0.445,117.863,audio_features,6yfU5QHRcUD4TG4P6tFXRS,spotify:track:6yfU5QHRcUD4TG4P6tFXRS,https://api.spotify.com/v1/tracks/6yfU5QHRcUD4TG4P6tFXRS,https://api.spotify.com/v1/audio-analysis/6yfU5QHRcUD4TG4P6tFXRS,226227,4,H
Karol G,Amargura,spotify:track:505v13epFXodT9fVAJ6h8k,0.92,0.696,6,-3.356,0,0.0742,0.183,0.0,0.149,0.545,106.966,audio_features,505v13epFXodT9fVAJ6h8k,spotify:track:505v13epFXodT9fVAJ6h8k,https://api.spotify.com/v1/tracks/505v13epFXodT9fVAJ6h8k,https://api.spotify.com/v1/audio-analysis/505v13epFXodT9fVAJ6h8k,170480,4,H
Lainey Wilson,Wildflowers And Wild Horses,spotify:track:6RWCvgNCEqXuVZYnDTPDEh,0.431,0.628,10,-6.259,0,0.0384,0.403,8.14e-06,0.272,0.277,118.016,audio_features,6RWCvgNCEqXuVZYnDTPDEh,spotify:track:6RWCvgNCEqXuVZYnDTPDEh,https://api.spotify.com/v1/tracks/6RWCvgNCEqXuVZYnDTPDEh,https://api.spotify.com/v1/audio-analysis/6RWCvgNCEqXuVZYnDTPDEh,250880,4,H
